DATE,CLOSE,VOLUME
2014-01-01,532.38,2299608.71
2014-01-02,545.12,1543041.85
2014-01-03,480.71,2346078.85
2014-01-04,522.66,2698832.73
2014-01-05,497.74,2354682.31
2014-01-06,516.6,1786643.67
2014-01-07,522.02,1773560.02
2014-01-08,574.31,2411016.01
2014-01-09,549.95,2806122.68
2014-01-10,534.99,993719.14
2014-01-11,573.08,1711685.0
2014-01-12,582.08,2266539.6
2014-01-13,599.38,1733936.99
2014-01-14,555.24,1434547.12
2014-01-15,588.92,961316.61
2014-01-16,607.41,2136581.12
2014-01-17,632.21,4987418.21
2014-01-18,632.94,2425280.88
2014-01-19,686.29,4868572.77
2014-01-20,617.56,1854157.46
2014-01-21,684.54,1644710.23
2014-01-22,640.56,3556442.35
2014-01-23,615.23,2495299.13
2014-01-24,651.36,5266951.53
2014-01-25,642.73,1845909.91
2014-01-26,650.61,1836229.98
2014-01-27,705.33,3061521.72
2014-01-28,703.85,1831337.56
2014-01-29,696.11,2678899.3
2014-01-30,682.8,1426550.02
2014-01-31,722.8,2541761.98
2014-02-01,696.81,1984131.13
2014-02-02,748.78,1578363.59
2014-02-03,694.72,4586355.61
2014-02-04,783.23,3870407.23
2014-02-05,730.93,3212642.62
2014-02-06,722.04,1544417.44
2014-02-07,770.79,2083010.59
2014-02-08,734.35,2651617.05
2014-02-09,798.28,1823303.63
2014-02-10,780.9,3322107.51
2014-02-11,751.43,2282022.71
2014-02-12,751.58,1131146.4
2014-02-13,824.02,4861810.88
2014-02-14,821.82,2135853.09
2014-02-15,849.38,2210200.06
2014-02-16,726.7,3043693.16
2014-02-17,808.9,2541180.66
2014-02-18,898.09,2722706.25
2014-02-19,868.8,1929120.49
2014-02-20,847.35,2852027.83
2014-02-21,832.14,2000395.41
2014-02-22,815.79,2139807.39
2014-02-23,854.53,2647301.32
2014-02-24,812.76,1291789.96
2014-02-25,830.39,3101533.37
2014-02-26,916.81,1963094.56
2014-02-27,890.23,3324716.18
2014-02-28,904.74,2971307.28
2014-03-01,898.09,2454050.04
2014-03-02,831.11,2059376.1
2014-03-03,901.42,2227176.21
2014-03-04,886.47,1075490.24
2014-03-05,919.78,1907134.89
2014-03-06,820.7,2208504.05
2014-03-07,925.78,1636055.69
2014-03-08,896.23,2689731.91
2014-03-09,941.96,1366532.27
2014-03-10,941.84,3893852.41
2014-03-11,899.92,3891342.64
2014-03-12,934.46,2084975.18
2014-03-13,1030.52,4114800.5
2014-03-14,917.77,1701646.61
2014-03-15,1007.14,2096274.53
2014-03-16,960.59,3118955.27
2014-03-17,974.16,2857412.9
2014-03-18,1011.31,1526106.72
2014-03-19,905.69,2137207.1
2014-03-20,910.97,2692189.09
2014-03-21,853.62,2107616.84
2014-03-22,932.79,3637435.25
2014-03-23,999.62,2960911.38
2014-03-24,953.34,2676585.47
2014-03-25,938.51,2004825.64
2014-03-26,1025.26,2230054.52
2014-03-27,952.25,2511580.52
2014-03-28,949.65,2456854.62
2014-03-29,971.19,3130689.82
2014-03-30,888.92,3906593.89
2014-03-31,1029.92,2682917.08
2014-04-01,931.99,4321561.27
2014-04-02,946.98,2332188.38
2014-04-03,930.61,2511565.19
2014-04-04,944.79,1500827.32
2014-04-05,942.14,4048345.39
2014-04-06,943.33,2684963.45
2014-04-07,918.16,2324275.71
2014-04-08,956.46,3950591.33
2014-04-09,986.41,3765170.27
2014-04-10,921.34,1911708.06
2014-04-11,920.59,3927978.93
2014-04-12,911.0,2914312.57
2014-04-13,927.12,3232632.46
2014-04-14,945.91,3127552.91
2014-04-15,936.12,2653328.35
2014-04-16,922.6,3667390.56
2014-04-17,904.65,2305059.86
2014-04-18,908.33,3116908.18
2014-04-19,938.32,3726213.28
2014-04-20,947.35,2930613.73
2014-04-21,899.93,2138924.39
2014-04-22,1006.02,2878562.81
2014-04-23,949.29,4790316.68
2014-04-24,920.98,3702971.88
2014-04-25,1049.14,3188749.46
2014-04-26,921.97,1687632.23
2014-04-27,863.81,4059776.53
2014-04-28,1003.48,3064096.51
2014-04-29,918.09,2364697.24
2014-04-30,990.24,3164801.6
2014-05-01,933.07,2779245.82
2014-05-02,989.04,5506168.46
2014-05-03,995.52,3514784.57
2014-05-04,949.68,3992832.03
2014-05-05,939.06,2615867.63
2014-05-06,1039.0,3656002.39
2014-05-07,992.86,2247586.03
2014-05-08,975.81,3773104.33
2014-05-09,974.06,3071292.8
2014-05-10,981.9,4820843.03
2014-05-11,961.18,2563401.24
2014-05-12,1007.45,2203504.67
2014-05-13,1036.62,3065739.23
2014-05-14,979.58,2350141.12
2014-05-15,946.2,4609308.91
2014-05-16,964.48,4761328.92
2014-05-17,1021.04,2596548.99
2014-05-18,897.16,2697959.44
2014-05-19,945.95,4142968.07
2014-05-20,1067.51,3654976.42
2014-05-21,1028.29,3429483.11
2014-05-22,1044.93,3021308.35
2014-05-23,1080.01,2018436.37
2014-05-24,1048.45,2797991.28
2014-05-25,1012.67,3942924.12
2014-05-26,1046.64,5022330.21
2014-05-27,983.41,2692231.24
2014-05-28,1068.17,3390036.11
2014-05-29,960.07,4535171.99
2014-05-30,1038.91,4821914.78
2014-05-31,1241.38,2197725.43
2014-06-01,1002.16,2578790.71
2014-06-02,1073.44,3756739.0
2014-06-03,1055.05,4015104.82
2014-06-04,1076.18,2368091.95
2014-06-05,1085.37,4353323.32
2014-06-06,1035.18,3915815.22
2014-06-07,1077.92,2805032.08
2014-06-08,1052.6,4055783.96
2014-06-09,1203.71,4051796.9
2014-06-10,1144.7,3281224.87
2014-06-11,1125.95,3564244.91
2014-06-12,1210.82,1319017.33
2014-06-13,1126.71,4605772.11
2014-06-14,1166.28,2894180.57
2014-06-15,1121.64,2327508.48
2014-06-16,1163.47,2179114.98
2014-06-17,1246.21,2844279.1
2014-06-18,1144.29,3858399.01
2014-06-19,1142.22,4059796.92
2014-06-20,1305.0,3806039.17
2014-06-21,1213.74,3333155.84
2014-06-22,1272.14,3390307.56
2014-06-23,1249.65,3501979.04
2014-06-24,1218.39,3192295.35
2014-06-25,1327.84,2478999.1
2014-06-26,1335.93,4478896.45
2014-06-27,1342.2,3320859.94
2014-06-28,1298.19,3107211.41
2014-06-29,1332.57,4775658.65
2014-06-30,1233.81,1836993.08
2014-07-01,1282.16,1933678.95
2014-07-02,1259.97,4799203.02
2014-07-03,1314.79,5024787.5
2014-07-04,1420.09,4920979.94
2014-07-05,1331.08,4506782.83
2014-07-06,1509.0,4863153.45
2014-07-07,1336.3,2884683.04
2014-07-08,1491.86,4006733.62
2014-07-09,1450.16,2092307.72
2014-07-10,1570.51,7296841.24
2014-07-11,1556.27,3067109.06
2014-07-12,1606.69,2293434.86
2014-07-13,1553.36,4071928.09
2014-07-14,1562.73,3283570.76
2014-07-15,1510.98,2622491.45
2014-07-16,1454.46,2637042.31
2014-07-17,1533.96,2965677.66
2014-07-18,1560.7,3465287.02
2014-07-19,1664.5,3728688.42
2014-07-20,1598.75,2922194.16
2014-07-21,1557.85,5704625.28
2014-07-22,1681.03,3157081.84
2014-07-23,1742.68,1241812.35
2014-07-24,1635.16,3218014.13
2014-07-25,1687.83,5200218.29
2014-07-26,1667.35,2296452.4
2014-07-27,1889.97,3262511.67
2014-07-28,1674.19,3602885.21
2014-07-29,1538.78,2748089.44
2014-07-30,1687.05,3023752.2
2014-07-31,1941.78,6911803.09
2014-08-01,1686.21,2544730.7
2014-08-02,1639.4,6211830.88
2014-08-03,1849.66,4538621.38
2014-08-04,2059.6,2511754.87
2014-08-05,1935.36,3212925.33
2014-08-06,1754.14,4642691.66
2014-08-07,1842.72,3725431.48
2014-08-08,1757.5,1928463.0
2014-08-09,1896.5,2584861.45
2014-08-10,2105.11,3764340.98
2014-08-11,1890.94,4664150.93
2014-08-12,2042.42,3088670.92
2014-08-13,1922.99,3685198.04
2014-08-14,1920.68,3870876.22
2014-08-15,2003.26,1904238.98
2014-08-16,1839.92,4827038.92
2014-08-17,1751.33,1964467.19
2014-08-18,2036.99,3491098.68
2014-08-19,2080.31,4407568.36
2014-08-20,2048.87,2710083.52
2014-08-21,1854.55,2230921.34
2014-08-22,2063.87,4102652.84
2014-08-23,2094.69,2957256.0
2014-08-24,1890.38,6765915.61
2014-08-25,2039.0,1629466.68
2014-08-26,2032.83,1859861.31
2014-08-27,2057.12,2632858.94
2014-08-28,1972.39,3134498.22
2014-08-29,2169.04,6432732.04
2014-08-30,2083.99,2256999.28
2014-08-31,1925.19,2445179.08
2014-09-01,2070.48,5898129.9
2014-09-02,2072.26,2323845.08
2014-09-03,1928.52,3991821.45
2014-09-04,1931.75,3048809.78
2014-09-05,2095.56,3578164.96
2014-09-06,2129.68,4127104.63
2014-09-07,1963.92,3344339.73
2014-09-08,2130.64,4608881.53
2014-09-09,2055.9,5020776.95
2014-09-10,1889.66,4006426.5
2014-09-11,2229.03,2539471.82
2014-09-12,2024.61,2776181.72
2014-09-13,1983.5,4163227.92
2014-09-14,2121.18,1361713.87
2014-09-15,2028.93,2308427.21
2014-09-16,1897.93,4759523.74
2014-09-17,2266.38,2210180.0
2014-09-18,2290.99,3541397.97
2014-09-19,2157.29,3259233.51
2014-09-20,2111.09,1757007.45
2014-09-21,2006.17,3625443.38
2014-09-22,2215.98,3069962.26
2014-09-23,2031.76,4944096.61
2014-09-24,1938.21,2345975.92
2014-09-25,2066.64,2333338.75
2014-09-26,1958.85,3563345.6
2014-09-27,2095.37,2859057.46
2014-09-28,2041.85,4305420.94
2014-09-29,2100.49,3391484.71
2014-09-30,1985.81,3118102.3
2014-10-01,2063.1,4353800.91
2014-10-02,1984.15,4021903.28
2014-10-03,2059.1,4472652.81
2014-10-04,1956.78,1724723.21
2014-10-05,2030.13,3457254.58
2014-10-06,2022.75,1581707.49
2014-10-07,1968.4,2579801.19
2014-10-08,1772.48,2712818.96
2014-10-09,1852.89,2415295.55
2014-10-10,1798.24,3390207.21
2014-10-11,1894.45,6198585.89
2014-10-12,1940.01,1635456.13
2014-10-13,1909.24,3968410.77
2014-10-14,1825.59,2607277.46
2014-10-15,1747.7,2921474.73
2014-10-16,1872.11,2730714.19
2014-10-17,1752.55,2588911.82
2014-10-18,1758.25,3231955.21
2014-10-19,1706.1,2626540.37
2014-10-20,1747.89,2916113.72
2014-10-21,1757.35,1891926.12
2014-10-22,1878.79,5005690.46
2014-10-23,1752.15,2347593.45
2014-10-24,1684.41,3567822.13
2014-10-25,1693.97,1701985.83
2014-10-26,1737.63,3494472.73
2014-10-27,1710.94,3852361.84
2014-10-28,1868.23,2564210.73
2014-10-29,1913.5,3822049.28
2014-10-30,1792.99,2662996.58
2014-10-31,1805.63,3431078.58
2014-11-01,1757.79,4583462.16
2014-11-02,1538.72,1503413.42
2014-11-03,1610.98,2846952.47
2014-11-04,1761.18,3087943.42
2014-11-05,1647.94,2061716.27
2014-11-06,1631.4,1595503.83
2014-11-07,1597.05,1797262.4
2014-11-08,1739.1,3003665.11
2014-11-09,1714.47,4273197.63
2014-11-10,1732.64,1338351.94
2014-11-11,1611.02,3792632.11
2014-11-12,1670.46,2452125.52
2014-11-13,1622.51,2558871.76
2014-11-14,1540.0,2988524.44
2014-11-15,1625.28,4578811.08
2014-11-16,1647.98,2439853.42
2014-11-17,1680.49,2150284.53
2014-11-18,1540.17,2922558.61
2014-11-19,1533.02,2277605.14
2014-11-20,1450.58,3300549.53
2014-11-21,1545.53,1617933.42
2014-11-22,1609.61,2403236.15
2014-11-23,1662.28,2958495.24
2014-11-24,1430.75,2156587.48
2014-11-25,1490.75,1859072.15
2014-11-26,1568.22,3116865.23
2014-11-27,1546.75,1644327.97
2014-11-28,1454.59,2751941.78
2014-11-29,1391.56,2258682.8
2014-11-30,1524.67,1953006.36
2014-12-01,1556.19,1330890.91
2014-12-02,1438.27,3304988.8
2014-12-03,1425.84,2978534.65
2014-12-04,1457.6,2250730.79
2014-12-05,1394.21,3606804.76
2014-12-06,1536.27,1961595.28
2014-12-07,1428.22,3470141.02
2014-12-08,1474.53,1514062.84
2014-12-09,1401.42,2697415.34
2014-12-10,1487.65,2371094.39
2014-12-11,1469.09,3065196.77
2014-12-12,1482.19,1944966.84
2014-12-13,1494.13,2334341.08
2014-12-14,1472.31,3743015.16
2014-12-15,1470.26,3982942.66
2014-12-16,1571.91,1923523.8
2014-12-17,1451.45,3261064.33
2014-12-18,1442.42,2471214.43
2014-12-19,1430.06,1411606.74
2014-12-20,1420.24,2393666.53
2014-12-21,1512.9,3771545.07
2014-12-22,1388.28,2469659.37
2014-12-23,1416.35,1884643.99
2014-12-24,1512.91,2445756.12
2014-12-25,1529.0,1806262.46
2014-12-26,1446.88,1961680.65
2014-12-27,1400.08,2004678.99
2014-12-28,1529.45,2360013.4
2014-12-29,1436.65,2091764.82
2014-12-30,1415.46,1033747.26
2014-12-31,1631.64,1443704.25
2015-01-01,1414.85,1696278.42
2015-01-02,1487.97,2370293.21
2015-01-03,1407.75,1641481.74
2015-01-04,1630.79,2344754.9
2015-01-05,1442.81,3341827.85
2015-01-06,1469.58,2466647.28
2015-01-07,1514.76,4049965.21
2015-01-08,1443.94,3679802.27
2015-01-09,1447.82,3193990.66
2015-01-10,1460.25,1638551.22
2015-01-11,1650.54,2333000.62
2015-01-12,1443.88,2036622.9
2015-01-13,1582.34,2617349.1
2015-01-14,1640.33,3038591.48
2015-01-15,1454.6,3956758.0
2015-01-16,1707.37,1613425.65
2015-01-17,1585.4,1951897.97
2015-01-18,1541.68,2127880.31
2015-01-19,1627.39,2120234.44
2015-01-20,1629.05,1613368.19
2015-01-21,1618.19,1860269.09
2015-01-22,1550.91,1119489.52
2015-01-23,1567.48,2561662.79
2015-01-24,1697.9,2980972.2
2015-01-25,1579.56,1389974.22
2015-01-26,1658.55,1177820.55
2015-01-27,1454.71,2685919.55
2015-01-28,1582.56,2085550.14
2015-01-29,1660.23,2136670.68
2015-01-30,1702.85,2929498.35
2015-01-31,1685.46,4337998.76
2015-02-01,1698.01,1178433.98
2015-02-02,1674.56,2187920.5
2015-02-03,1637.32,2662102.96
2015-02-04,1595.73,2262360.76
2015-02-05,1758.32,2807462.31
2015-02-06,1564.76,2804216.84
2015-02-07,1654.88,785829.27
2015-02-08,1674.67,4819922.14
2015-02-09,1609.37,2976140.27
2015-02-10,1677.22,2230436.16
2015-02-11,1750.2,2287796.62
2015-02-12,1637.49,1113015.21
2015-02-13,1732.94,1764589.67
2015-02-14,1659.33,3043263.88
2015-02-15,1711.13,851642.93
2015-02-16,1725.58,2156608.46
2015-02-17,1723.3,1409589.47
2015-02-18,1777.44,2889719.11
2015-02-19,1802.93,1519773.48
2015-02-20,1713.72,2602527.67
2015-02-21,1720.33,2048255.55
2015-02-22,1666.38,2395309.09
2015-02-23,1756.21,1531170.83
2015-02-24,1753.65,1172845.08
2015-02-25,1703.03,2408632.44
2015-02-26,1567.15,1636749.84
2015-02-27,1726.55,1121762.67
2015-02-28,1671.8,1541624.82
2015-03-01,1807.58,1342611.22
2015-03-02,1603.39,2534341.56
2015-03-03,1685.1,1933376.95
2015-03-04,1870.84,2032100.03
2015-03-05,1735.61,2699366.98
2015-03-06,1830.8,1087699.03
2015-03-07,1752.53,1358213.43
2015-03-08,1733.41,1692242.61
2015-03-09,1668.29,1412814.02
2015-03-10,1582.89,2005783.61
2015-03-11,1726.43,1450317.45
2015-03-12,1649.27,999714.93
2015-03-13,1681.73,2996687.53
2015-03-14,1817.02,1594667.77
2015-03-15,1632.43,1348624.55
2015-03-16,1696.67,1677852.7
2015-03-17,1685.69,2263581.91
2015-03-18,1778.5,1910389.15
2015-03-19,1719.58,871210.61
2015-03-20,1691.03,1800451.5
2015-03-21,1620.45,1836970.74
2015-03-22,1617.67,1745626.48
2015-03-23,1551.29,2660092.15
2015-03-24,1660.88,1745695.58
2015-03-25,1535.18,1472159.28
2015-03-26,1592.72,1268609.66
2015-03-27,1646.78,1494976.81
2015-03-28,1687.14,1545134.83
2015-03-29,1630.21,1757648.97
2015-03-30,1474.03,1683277.31
2015-03-31,1587.79,2215116.02
2015-04-01,1393.41,1956041.56
2015-04-02,1585.09,1038324.4
2015-04-03,1528.26,1307412.31
2015-04-04,1579.0,2007597.81
2015-04-05,1546.48,2580509.56
2015-04-06,1586.4,1407810.66
2015-04-07,1426.26,1346361.7
2015-04-08,1530.87,1683276.18
2015-04-09,1502.47,1638754.56
2015-04-10,1537.57,1455856.8
2015-04-11,1511.14,2628672.73
2015-04-12,1403.55,1258006.68
2015-04-13,1469.41,1727782.4
2015-04-14,1501.66,1711976.35
2015-04-15,1455.09,2195027.05
2015-04-16,1329.02,1565872.2
2015-04-17,1326.4,2767026.64
2015-04-18,1395.69,1471356.96
2015-04-19,1326.14,2261062.79
2015-04-20,1596.21,4496918.72
2015-04-21,1377.55,2559564.29
2015-04-22,1319.78,2262372.19
2015-04-23,1430.49,1017864.88
2015-04-24,1240.28,2285954.51
2015-04-25,1350.74,1819441.1
2015-04-26,1255.64,1668630.25
2015-04-27,1453.16,945063.58
2015-04-28,1303.1,1795928.2
2015-04-29,1292.07,1462642.44
2015-04-30,1234.78,991052.84
2015-05-01,1256.73,2413692.95
2015-05-02,1278.1,1120422.1
2015-05-03,1171.1,1805087.61
2015-05-04,1155.93,707337.41
2015-05-05,1244.63,1695111.06
2015-05-06,1202.44,2539947.26
2015-05-07,1150.2,1667553.24
2015-05-08,1261.35,1051660.99
2015-05-09,1178.89,1722252.85
2015-05-10,1213.39,748148.08
2015-05-11,1115.82,1818868.41
2015-05-12,1106.64,1654147.4
2015-05-13,1112.1,1055142.15
2015-05-14,1067.38,2753599.02
2015-05-15,1183.17,2075530.02
2015-05-16,1085.09,1534596.38
2015-05-17,1147.14,1736925.21
2015-05-18,1003.89,1824900.2
2015-05-19,1068.97,2179530.49
2015-05-20,1096.15,2335168.18
2015-05-21,1034.59,1327521.52
2015-05-22,1072.58,2385580.07
2015-05-23,1147.37,2361833.81
2015-05-24,964.45,1551908.38
2015-05-25,1017.64,1346858.17
2015-05-26,986.01,2106870.05
2015-05-27,1078.47,1824237.25
2015-05-28,990.47,1613335.28
2015-05-29,1026.47,1275617.63
2015-05-30,960.18,600568.21
2015-05-31,1034.74,3398939.86
2015-06-01,973.22,1205849.87
2015-06-02,978.05,1693108.62
2015-06-03,958.31,899170.27
2015-06-04,928.27,1710301.06
2015-06-05,1062.26,757397.38
2015-06-06,989.86,1386741.0
2015-06-07,977.71,1135011.67
2015-06-08,938.89,1607202.42
2015-06-09,946.93,821797.61
2015-06-10,909.03,1038594.44
2015-06-11,927.27,1740247.81
2015-06-12,865.41,1979223.23
2015-06-13,958.22,2011639.72
2015-06-14,888.34,1332142.52
2015-06-15,979.4,1387565.74
2015-06-16,870.86,1486239.28
2015-06-17,931.37,1774631.76
2015-06-18,933.88,1413058.98
2015-06-19,894.93,1746715.31
2015-06-20,876.67,967346.81
2015-06-21,840.84,1974564.22
2015-06-22,889.65,2334418.86
2015-06-23,828.65,1157409.41
2015-06-24,889.63,556712.04
2015-06-25,909.03,1411968.49
2015-06-26,930.94,1971068.4
2015-06-27,872.85,2611688.67
2015-06-28,901.41,2135035.4
2015-06-29,902.43,1648424.45
2015-06-30,819.95,740201.5
2015-07-01,894.09,1567331.19
2015-07-02,886.24,1351172.02
2015-07-03,873.18,1827668.72
2015-07-04,873.93,1149563.91
2015-07-05,837.43,1164632.71
2015-07-06,904.88,1391198.84
2015-07-07,873.79,1453792.52
2015-07-08,889.05,2207601.85
2015-07-09,940.19,1605973.52
2015-07-10,856.59,1350424.87
2015-07-11,897.18,1041454.38
2015-07-12,842.56,1343042.43
2015-07-13,948.39,1291792.53
2015-07-14,857.08,3302497.84
2015-07-15,848.67,2104160.46
2015-07-16,937.62,1532164.53
2015-07-17,911.2,1919947.17
2015-07-18,904.76,2125872.11
2015-07-19,933.34,1985614.44
2015-07-20,910.46,2159822.5
2015-07-21,934.35,1018087.22
2015-07-22,887.29,2610447.55
2015-07-23,818.44,1427961.23
2015-07-24,868.22,1151113.55
2015-07-25,920.53,1211702.34
2015-07-26,862.65,1994748.11
2015-07-27,944.85,1217197.82
2015-07-28,939.79,2011617.15
2015-07-29,914.66,1498557.74
2015-07-30,876.88,1882395.33
2015-07-31,901.55,1743071.83
2015-08-01,1002.3,1962185.47
2015-08-02,1009.2,1196071.97
2015-08-03,990.42,1107515.27
2015-08-04,899.08,2117122.96
2015-08-05,985.57,2550961.63
2015-08-06,903.75,2965973.57
2015-08-07,944.87,1688943.86
2015-08-08,951.31,1776991.27
2015-08-09,986.02,2151159.39
2015-08-10,982.73,1612285.0
2015-08-11,885.04,1103891.7
2015-08-12,916.19,893976.25
2015-08-13,982.7,1546371.22
2015-08-14,1022.92,2153704.86
2015-08-15,1021.95,2433116.26
2015-08-16,1055.8,1803868.86
2015-08-17,983.78,1014995.17
2015-08-18,1010.85,1545839.29
2015-08-19,991.43,1016242.38
2015-08-20,1005.85,1765297.26
2015-08-21,1072.6,1478906.4
2015-08-22,1025.03,2272070.22
2015-08-23,1001.83,1047324.35
2015-08-24,957.46,542417.78
2015-08-25,974.69,1526109.08
2015-08-26,1024.72,1432005.54
2015-08-27,1021.29,1193500.35
2015-08-28,1023.18,853428.72
2015-08-29,1157.65,1414790.03
2015-08-30,1030.79,1169385.87
2015-08-31,1107.78,1466997.59
2015-09-01,1085.66,1346369.47
2015-09-02,1119.85,2603374.86
2015-09-03,1078.13,1870633.54
2015-09-04,1114.29,1860626.1
2015-09-05,1094.98,1366439.98
2015-09-06,987.53,1601660.31
2015-09-07,1071.16,1458633.89
2015-09-08,1098.46,1912380.96
2015-09-09,1115.11,967846.38
2015-09-10,1040.31,2033869.31
2015-09-11,1025.78,1124970.81
2015-09-12,1118.3,808436.84
2015-09-13,1164.96,2244564.2
2015-09-14,1087.84,774848.82
2015-09-15,1081.25,1423563.61
2015-09-16,1074.69,1490555.43
2015-09-17,1087.86,2604227.07
2015-09-18,1116.97,1453008.31
2015-09-19,1177.96,1317276.63
2015-09-20,1137.04,1922435.72
2015-09-21,976.31,1390917.88
2015-09-22,960.0,1787968.89
2015-09-23,1092.87,3154430.96
2015-09-24,1162.98,1717161.28
2015-09-25,1080.33,1190106.06
2015-09-26,986.68,1181117.95
2015-09-27,1019.07,1090238.3
2015-09-28,1152.11,1230806.37
2015-09-29,1133.41,1794740.11
2015-09-30,1089.53,2047598.12
2015-10-01,1044.2,1180256.15
2015-10-02,1132.27,1572176.96
2015-10-03,1046.52,2077473.17
2015-10-04,1195.22,1648041.86
2015-10-05,1144.73,1799707.17
2015-10-06,1126.07,1964069.97
2015-10-07,1133.5,1112421.91
2015-10-08,1115.12,1727970.07
2015-10-09,1146.05,1050020.26
2015-10-10,1088.91,1480141.2
2015-10-11,1031.19,1357221.64
2015-10-12,1169.04,1221344.88
2015-10-13,1122.63,1992491.67
2015-10-14,1066.97,1713813.53
2015-10-15,1006.71,1982113.84
2015-10-16,1111.86,2717602.86
2015-10-17,1001.66,1387118.02
2015-10-18,1070.9,1077558.1
2015-10-19,1005.46,1360209.19
2015-10-20,1001.37,1172359.46
2015-10-21,1002.27,2806048.7
2015-10-22,992.31,1929350.77
2015-10-23,956.7,1564327.95
2015-10-24,993.94,800713.87
2015-10-25,1029.94,1756081.66
2015-10-26,1082.2,1154689.51
2015-10-27,1087.81,1535956.96
2015-10-28,961.95,931374.83
2015-10-29,1031.85,1998722.55
2015-10-30,1081.09,1937437.55
2015-10-31,960.41,997336.11
2015-11-01,1069.02,1017930.36
2015-11-02,1021.67,4062034.32
2015-11-03,943.21,1812665.58
2015-11-04,954.82,2858651.8
2015-11-05,925.02,2547315.36
2015-11-06,961.96,2255966.21
2015-11-07,984.04,2785850.27
2015-11-08,908.16,1914453.85
2015-11-09,945.35,1776778.39
2015-11-10,956.13,1875304.93
2015-11-11,917.94,2224485.54
2015-11-12,977.05,1452921.31
2015-11-13,936.65,2118855.7
2015-11-14,932.93,4548480.05
2015-11-15,905.65,2092590.68
2015-11-16,883.61,1327125.76
2015-11-17,913.12,3132781.1
2015-11-18,828.32,1597742.97
2015-11-19,830.41,2027204.75
2015-11-20,955.21,1434094.1
2015-11-21,964.65,1618945.52
2015-11-22,882.85,1856722.61
2015-11-23,883.23,1618005.07
2015-11-24,869.68,1128779.54
2015-11-25,879.71,847873.11
2015-11-26,877.15,1652144.09
2015-11-27,846.25,2009046.01
2015-11-28,834.08,1420333.75
2015-11-29,881.22,958272.39
2015-11-30,888.09,1008202.31
2015-12-01,893.69,1404069.91
2015-12-02,938.84,2740109.71
2015-12-03,904.73,2271110.53
2015-12-04,902.58,1508748.4
2015-12-05,843.66,2920514.68
2015-12-06,760.44,1667267.55
2015-12-07,862.7,1217354.67
2015-12-08,884.04,1291312.56
2015-12-09,834.23,1773358.57
2015-12-10,857.62,2846680.51
2015-12-11,851.28,2202648.72
2015-12-12,835.38,1307077.35
2015-12-13,994.86,2194023.21
2015-12-14,867.73,6428682.44
2015-12-15,822.78,2201516.41
2015-12-16,849.17,1637465.79
2015-12-17,942.19,1980781.56
2015-12-18,834.62,2592873.03
2015-12-19,828.88,1955163.76
2015-12-20,841.31,2321733.11
2015-12-21,820.08,1270815.87
2015-12-22,864.46,1598176.08
2015-12-23,855.4,1869802.0
2015-12-24,798.64,2172520.37
2015-12-25,844.78,2932057.03
2015-12-26,815.19,1912567.09
2015-12-27,798.9,3907526.96
2015-12-28,829.63,2006129.52
2015-12-29,817.33,1723980.92
2015-12-30,844.75,2551391.53
2015-12-31,908.9,2910015.17
2016-01-01,765.1,2574902.87
2016-01-02,869.51,3186374.48
2016-01-03,843.72,1447781.88
2016-01-04,869.98,1666314.72
2016-01-05,837.77,1523023.21
2016-01-06,878.9,1905234.79
2016-01-07,901.82,1251770.15
2016-01-08,841.73,2903272.08
2016-01-09,896.53,3405123.53
2016-01-10,835.04,4950751.2
2016-01-11,858.02,2330119.17
2016-01-12,903.3,3613795.27
2016-01-13,915.54,1873445.9
2016-01-14,872.46,1908043.41
2016-01-15,907.22,2604200.49
2016-01-16,917.92,2507639.49
2016-01-17,863.03,2740699.1
2016-01-18,937.55,3058361.01
2016-01-19,937.96,3065172.81
2016-01-20,996.43,2657945.76
2016-01-21,938.35,2761507.64
2016-01-22,987.2,3311275.59
2016-01-23,908.0,4384898.91
2016-01-24,1024.72,2788472.63
2016-01-25,1014.09,1721083.37
2016-01-26,1026.32,3351153.38
2016-01-27,948.56,2141658.96
2016-01-28,947.79,1470443.43
2016-01-29,1022.01,3447384.37
2016-01-30,1016.09,3359212.11
2016-01-31,1050.25,3527281.87
2016-02-01,1052.24,3076926.57
2016-02-02,1059.34,2329791.86
2016-02-03,1072.92,1190293.94
2016-02-04,1030.89,3635028.94
2016-02-05,1002.5,4072868.04
2016-02-06,1075.17,3267010.21
2016-02-07,1018.62,2568939.67
2016-02-08,951.1,3869386.38
2016-02-09,1196.03,2567581.56
2016-02-10,1169.9,3131961.29
2016-02-11,1108.7,2023610.74
2016-02-12,1155.11,2420829.11
2016-02-13,1117.72,3849708.6
2016-02-14,1294.97,2451993.69
2016-02-15,1194.48,3161027.41
2016-02-16,1285.8,2927508.8
2016-02-17,1198.22,4252941.45
2016-02-18,1154.28,2915344.51
2016-02-19,1238.44,3767901.3
2016-02-20,1104.26,4552417.56
2016-02-21,1212.67,4106323.64
2016-02-22,1296.16,2231693.25
2016-02-23,1148.66,4491426.42
2016-02-24,1215.56,4114393.14
2016-02-25,1212.65,3853633.69
2016-02-26,1295.1,2289757.64
2016-02-27,1281.03,3435503.97
2016-02-28,1462.21,2717112.82
2016-02-29,1406.25,3024902.26
2016-03-01,1246.74,4398612.72
2016-03-02,1336.26,3554836.64
2016-03-03,1299.07,3042790.87
2016-03-04,1285.72,2915288.23
2016-03-05,1446.72,1430108.08
2016-03-06,1344.37,4288388.5
2016-03-07,1486.25,1992242.69
2016-03-08,1386.73,1258298.32
2016-03-09,1405.7,3875238.26
2016-03-10,1497.81,4308151.44
2016-03-11,1437.0,2239225.24
2016-03-12,1623.2,1645046.35
2016-03-13,1519.7,3835877.8
2016-03-14,1594.48,3389600.41
2016-03-15,1540.25,3038432.62
2016-03-16,1609.08,2919927.12
2016-03-17,1578.35,5336311.13
2016-03-18,1634.38,3862283.75
2016-03-19,1599.66,3837459.03
2016-03-20,1600.1,4611647.1
2016-03-21,1577.39,2974985.97
2016-03-22,1776.29,2148432.67
2016-03-23,1763.15,3423723.44
2016-03-24,1724.17,2791397.12
2016-03-25,1754.52,2072292.79
2016-03-26,1650.87,4091277.02
2016-03-27,1755.27,2441315.69
2016-03-28,1599.62,1871436.09
2016-03-29,1669.86,2512868.17
2016-03-30,1805.03,6907316.95
2016-03-31,1709.12,3855506.37
2016-04-01,1773.03,5627702.53
2016-04-02,1850.52,7347536.97
2016-04-03,1852.81,3602452.0
2016-04-04,1720.82,2543397.79
2016-04-05,1936.56,3685529.44
2016-04-06,1846.97,5683240.24
2016-04-07,1843.23,1943153.51
2016-04-08,1956.24,4465601.91
2016-04-09,1824.34,5783819.96
2016-04-10,1695.73,3867725.65
2016-04-11,1927.39,3307512.62
2016-04-12,1829.53,2102023.81
2016-04-13,1721.37,4233372.73
2016-04-14,1939.8,3769004.84
2016-04-15,1847.76,3485266.42
2016-04-16,1790.25,2441291.7
2016-04-17,1960.16,6375447.65
2016-04-18,1843.83,3064970.84
2016-04-19,1863.39,1998105.42
2016-04-20,1904.14,1944257.73
2016-04-21,1955.87,2480146.89
2016-04-22,2004.55,2049301.56
2016-04-23,1982.32,1463760.74
2016-04-24,2080.2,3393383.06
2016-04-25,1919.82,2111387.91
2016-04-26,2138.12,2461466.99
2016-04-27,1889.81,5212428.49
2016-04-28,2004.5,3944594.41
2016-04-29,2141.1,2827960.9
2016-04-30,2011.09,5411901.76
2016-05-01,2116.12,5088634.16
2016-05-02,2086.75,2443347.76
2016-05-03,2045.22,6570962.32
2016-05-04,2152.17,2598025.71
2016-05-05,2098.75,2975375.77
2016-05-06,2254.63,5242051.32
2016-05-07,2072.41,4388393.59
2016-05-08,2128.99,2146329.89
2016-05-09,1980.64,5483574.0
2016-05-10,2158.56,2416961.45
2016-05-11,2188.77,2811223.42
2016-05-12,2002.07,4769694.27
2016-05-13,2114.56,7378699.31
2016-05-14,2150.34,3833973.95
2016-05-15,2038.99,4417995.91
2016-05-16,2020.44,3199076.66
2016-05-17,2017.82,3783370.73
2016-05-18,2286.32,4211110.98
2016-05-19,2054.1,4914917.49
2016-05-20,2177.05,5713039.49
2016-05-21,2054.13,5836514.35
2016-05-22,2212.09,4551458.93
2016-05-23,2186.81,4122793.08
2016-05-24,2048.65,2882643.03
2016-05-25,2202.71,2523348.3
2016-05-26,2255.59,4513590.16
2016-05-27,2044.59,2561692.35
2016-05-28,2030.93,3286991.81
2016-05-29,2053.74,5443640.2
2016-05-30,1996.19,3194394.32
2016-05-31,2108.89,3783250.52
2016-06-01,2032.51,6374534.74
2016-06-02,2242.07,6878487.34
2016-06-03,2048.1,5480612.95
2016-06-04,2086.29,6254177.95
2016-06-05,2123.17,7183858.98
2016-06-06,2135.59,4028773.34
2016-06-07,2217.3,6941595.06
2016-06-08,2179.95,2872867.77
2016-06-09,2246.47,4101013.21
2016-06-10,2067.94,4056854.64
2016-06-11,2143.61,6552463.14
2016-06-12,2229.02,5341329.14
2016-06-13,2121.99,5816312.82
2016-06-14,2081.23,3721798.46
2016-06-15,2232.76,3490975.96
2016-06-16,2013.0,4111626.7
2016-06-17,2144.69,3010058.12
2016-06-18,2119.04,2638024.56
2016-06-19,2130.76,4228954.04
2016-06-20,2304.48,2509865.53
2016-06-21,2194.4,3446313.62
2016-06-22,2313.64,3436974.89
2016-06-23,2161.04,5626925.3
2016-06-24,2152.51,3094971.68
2016-06-25,2250.91,4561080.15
2016-06-26,2337.01,4640494.72
2016-06-27,2079.48,6207708.73
2016-06-28,2245.52,4283045.58
2016-06-29,2241.88,6753964.57
2016-06-30,2215.52,4201344.68
2016-07-01,2215.09,5077095.44
2016-07-02,2183.54,3796349.89
2016-07-03,2308.74,5263789.98
2016-07-04,2323.4,3572552.33
2016-07-05,2257.99,7370742.87
2016-07-06,2266.41,2913327.62
2016-07-07,2413.02,5555804.44
2016-07-08,2338.02,4088248.07
2016-07-09,2272.19,2535632.67
2016-07-10,2293.58,5459913.57
2016-07-11,2343.66,2583768.48
2016-07-12,2498.15,3365149.55
2016-07-13,2231.81,3311460.44
2016-07-14,2477.92,4494243.64
2016-07-15,2462.21,6135820.76
2016-07-16,2475.34,4121499.16
2016-07-17,2509.23,3453398.85
2016-07-18,2549.47,5299087.51
2016-07-19,2623.76,4013601.23
2016-07-20,2415.87,3683334.09
2016-07-21,2639.82,6169458.36
2016-07-22,2661.74,2129005.26
2016-07-23,2573.44,3758135.83
2016-07-24,2498.46,4761694.97
2016-07-25,2896.11,2506269.25
2016-07-26,2582.05,4987534.4
2016-07-27,2668.26,5128556.98
2016-07-28,2579.28,2647852.79
2016-07-29,2724.14,4839283.99
2016-07-30,2959.32,3011066.02
2016-07-31,2840.06,2442174.07
2016-08-01,2758.2,6385541.14
2016-08-02,2859.13,3512366.41
2016-08-03,2982.02,3931218.57
2016-08-04,2924.81,7630743.78
2016-08-05,2602.26,5943306.01
2016-08-06,3026.24,4802777.38
2016-08-07,2962.67,3760665.09
2016-08-08,2958.26,2830339.43
2016-08-09,3057.4,3616678.69
2016-08-10,3212.25,6971314.38
2016-08-11,2934.59,4705340.55
2016-08-12,3198.84,6923563.5
2016-08-13,3025.31,3218842.57
2016-08-14,2873.29,6127416.61
2016-08-15,3498.75,2203750.2
2016-08-16,3225.96,3703744.9
2016-08-17,3269.05,4920908.86
2016-08-18,3269.66,6080273.52
2016-08-19,3181.05,2789679.09
2016-08-20,3282.1,6274014.28
2016-08-21,3599.75,4768870.59
2016-08-22,3582.03,4408846.12
2016-08-23,3496.5,4307088.06
2016-08-24,3832.2,2784534.67
2016-08-25,3898.63,3179938.0
2016-08-26,3607.95,2559298.99
2016-08-27,3868.96,4361502.13
2016-08-28,4168.26,4899968.18
2016-08-29,3945.8,4106103.85
2016-08-30,3817.44,3255965.98
2016-08-31,3770.38,3402816.99
2016-09-01,4123.05,4243257.48
2016-09-02,3804.01,3390469.58
2016-09-03,4096.25,4427846.83
2016-09-04,4434.75,4956419.38
2016-09-05,4522.72,3338712.74
2016-09-06,4499.25,3060344.77
2016-09-07,4713.59,5231808.88
2016-09-08,4555.36,5623734.4
2016-09-09,4945.07,5785006.18
2016-09-10,4905.01,6022477.32
2016-09-11,4475.88,4048099.78
2016-09-12,4932.8,2832520.88
2016-09-13,5071.82,4886623.54
2016-09-14,4706.5,2646178.13
2016-09-15,4680.26,6820280.19
2016-09-16,5304.69,3029338.59
2016-09-17,5197.72,3596631.39
2016-09-18,5154.9,6174155.36
2016-09-19,5129.15,1627239.82
2016-09-20,5407.03,4137915.13
2016-09-21,5740.59,3851021.12
2016-09-22,5312.35,2485125.93
2016-09-23,5643.26,3764046.12
2016-09-24,4880.39,4712465.4
2016-09-25,5885.38,7474817.21
2016-09-26,5457.99,5738117.07
2016-09-27,5539.64,2916392.91
2016-09-28,5603.5,2678339.66
2016-09-29,5301.46,2935126.33
2016-09-30,5766.36,9695539.77
2016-10-01,5544.57,3110686.07
2016-10-02,5956.44,4141564.56
2016-10-03,5713.53,4428137.66
2016-10-04,6321.47,3513839.09
2016-10-05,6166.93,4743961.77
2016-10-06,5978.15,2321449.21
2016-10-07,6518.18,3746678.82
2016-10-08,6530.34,4851422.4
2016-10-09,6102.07,6521821.39
2016-10-10,6452.06,5244245.51
2016-10-11,5791.31,3004851.37
2016-10-12,6424.47,4916335.62
2016-10-13,6244.32,3988993.95
2016-10-14,6643.04,4473098.76
2016-10-15,6419.63,2320205.87
2016-10-16,6766.51,4740140.31
2016-10-17,7090.25,2090992.97
2016-10-18,6743.32,4230860.98
2016-10-19,6733.9,1945139.29
2016-10-20,7279.31,2701117.37
2016-10-21,6965.81,5155355.71
2016-10-22,6908.96,6332121.6
2016-10-23,7091.2,8788203.99
2016-10-24,6574.19,4153856.71
2016-10-25,7253.61,10443300.24
2016-10-26,7304.73,4296186.61
2016-10-27,7340.21,3329183.2
2016-10-28,7083.81,4747622.79
2016-10-29,7767.57,5112943.35
2016-10-30,7040.08,4861097.49
2016-10-31,6943.23,3539854.11
2016-11-01,7622.91,2481930.96
2016-11-02,7358.66,3231909.02
2016-11-03,6738.39,5294295.18
2016-11-04,7277.61,3911900.43
2016-11-05,7329.6,3429197.14
2016-11-06,6792.3,5261563.2
2016-11-07,7496.75,2211231.71
2016-11-08,7662.13,5732331.56
2016-11-09,7581.79,4168935.2
2016-11-10,7156.12,4089616.01
2016-11-11,6949.04,5272465.33
2016-11-12,7469.11,3751970.31
2016-11-13,7569.49,3653135.66
2016-11-14,7330.74,4334761.53
2016-11-15,7230.06,2619253.8
2016-11-16,7010.82,4327806.3
2016-11-17,7670.2,1978082.74
2016-11-18,7670.41,3577643.02
2016-11-19,7448.78,4356909.09
2016-11-20,7019.79,2111388.35
2016-11-21,8063.4,2006399.19
2016-11-22,7276.58,2806381.15
2016-11-23,7422.35,3314167.21
2016-11-24,7960.28,3168679.51
2016-11-25,7615.94,5486437.94
2016-11-26,7666.44,6291909.81
2016-11-27,7449.98,3815944.98
2016-11-28,7299.42,3858249.29
2016-11-29,7058.8,4490394.6
2016-11-30,7596.52,3653676.99
2016-12-01,7962.3,7561050.59
2016-12-02,7460.03,3050825.53
2016-12-03,7508.1,3127853.34
2016-12-04,7460.17,1762866.09
2016-12-05,7299.08,2945460.1
2016-12-06,7238.3,5188958.03
2016-12-07,8312.81,3322717.85
2016-12-08,7049.25,5338677.33
2016-12-09,7386.55,3123880.41
2016-12-10,7475.03,6172704.58
2016-12-11,7515.69,3090854.51
2016-12-12,7569.07,4434872.39
2016-12-13,7226.36,3677567.44
2016-12-14,7671.14,5329203.04
2016-12-15,7495.11,1562248.1
2016-12-16,7621.34,2173990.27
2016-12-17,7354.5,3485147.51
2016-12-18,7776.22,1999042.96
2016-12-19,7366.39,2594339.54
2016-12-20,6542.72,2131100.59
2016-12-21,7762.64,4402087.98
2016-12-22,7720.87,2916872.05
2016-12-23,7084.17,2742792.17
2016-12-24,7066.27,3341810.03
2016-12-25,7467.38,2780970.76
2016-12-26,7202.82,2950309.2
2016-12-27,7482.14,3255849.63
2016-12-28,7985.95,5800534.23
2016-12-29,7493.14,3632624.19
2016-12-30,7574.74,3546429.39
2016-12-31,7173.85,5363842.12
2017-01-01,7450.19,2802977.2
2017-01-02,7594.01,3682135.99
2017-01-03,7124.83,2546738.81
2017-01-04,6841.26,2956367.53
2017-01-05,7611.94,2681207.28
2017-01-06,7420.4,2945290.58
2017-01-07,7442.83,2550719.84
2017-01-08,7215.25,2584946.15
2017-01-09,7423.64,2939496.84
2017-01-10,7480.39,4244003.97
2017-01-11,7192.23,2305325.0
2017-01-12,7380.79,4396919.46
2017-01-13,7825.02,4712368.72
2017-01-14,6755.72,4554284.73
2017-01-15,7316.47,1942155.95
2017-01-16,8293.12,3179735.95
2017-01-17,7674.72,2226439.35
2017-01-18,7504.55,2746399.85
2017-01-19,6846.67,3928588.89
2017-01-20,7396.38,5490753.01
2017-01-21,7910.31,2627503.87
2017-01-22,7811.28,1870104.58
2017-01-23,7981.86,4300039.67
2017-01-24,7633.54,2389038.16
2017-01-25,7464.74,3312084.33
2017-01-26,8062.89,1688095.45
2017-01-27,8341.1,4686404.54
2017-01-28,7789.39,1550034.9
2017-01-29,7470.61,2832225.23
2017-01-30,7990.34,2152364.07
2017-01-31,7718.09,2259950.88
2017-02-01,8292.93,2787934.0
2017-02-02,8045.14,2584887.96
2017-02-03,9214.95,1837319.94
2017-02-04,8551.46,1700166.76
2017-02-05,7614.95,2724757.04
2017-02-06,8685.4,4054049.4
2017-02-07,8305.08,2465966.43
2017-02-08,8676.21,2392529.99
2017-02-09,8674.33,2123444.3
2017-02-10,8726.83,2175789.61
2017-02-11,9432.3,2213890.86
2017-02-12,7863.61,3564877.95
2017-02-13,8497.06,3582802.19
2017-02-14,8214.8,4531867.58
2017-02-15,9373.56,1282529.54
2017-02-16,7992.83,2231086.11
2017-02-17,8358.91,2841083.27
2017-02-18,9389.84,2450118.66
2017-02-19,9056.95,2378387.09
2017-02-20,7966.13,2641073.5
2017-02-21,9463.08,2222574.53
2017-02-22,9148.39,2622453.11
2017-02-23,9296.88,4405195.57
2017-02-24,9583.75,1966714.07
2017-02-25,9506.18,2994696.22
2017-02-26,9798.93,2315010.47
2017-02-27,9651.52,2511414.05
2017-02-28,10310.7,2985069.76
2017-03-01,10429.0,2897864.12
2017-03-02,9249.81,4068945.36
2017-03-03,9970.74,2235940.88
2017-03-04,10212.83,1972768.35
2017-03-05,9798.09,2550346.97
2017-03-06,10597.68,3622284.59
2017-03-07,10223.75,1633345.57
2017-03-08,9450.98,4236337.27
2017-03-09,11088.23,2352654.32
2017-03-10,11269.25,1644108.88
2017-03-11,10639.02,3126463.29
2017-03-12,11202.6,2504093.88
2017-03-13,10396.89,1986125.08
2017-03-14,10296.26,3291624.7
2017-03-15,11134.67,3346348.04
2017-03-16,10867.96,2548174.64
2017-03-17,10937.26,1328357.27
2017-03-18,12406.76,1950845.85
2017-03-19,10896.64,2789113.49
2017-03-20,11456.92,2776979.44
2017-03-21,11442.08,1267493.35
2017-03-22,12111.38,2739722.54
2017-03-23,11541.04,1915238.33
2017-03-24,11639.95,1813244.58
2017-03-25,12222.5,3306437.23
2017-03-26,11862.03,2047927.6
2017-03-27,12698.41,3043389.15
2017-03-28,12879.15,3018433.92
2017-03-29,11404.52,2214729.64
2017-03-30,12418.56,1538240.99
2017-03-31,12163.78,3040727.81
2017-04-01,13067.02,2189391.99
2017-04-02,12816.12,2887461.11
2017-04-03,13059.01,2745508.74
2017-04-04,11866.21,3143308.92
2017-04-05,12598.33,2695779.44
2017-04-06,12765.66,2446421.02
2017-04-07,13102.15,2064025.59
2017-04-08,12776.56,1670906.82
2017-04-09,15177.31,2605421.19
2017-04-10,13592.65,1769211.45
2017-04-11,13203.92,3286544.95
2017-04-12,13384.61,1301940.77
2017-04-13,13567.23,2694369.87
2017-04-14,13866.73,1814570.81
2017-04-15,13831.13,2089542.41
2017-04-16,13982.23,1733917.82
2017-04-17,13342.68,2067080.49
2017-04-18,13984.19,1488841.98
2017-04-19,12923.12,1906684.34
2017-04-20,13189.51,1412991.13
2017-04-21,13885.14,2390450.94
2017-04-22,13940.63,1765088.74
2017-04-23,13014.1,2306492.24
2017-04-24,13923.59,2118933.31
2017-04-25,13938.72,3321639.09
2017-04-26,14097.18,1982866.2
2017-04-27,13483.16,2771037.47
2017-04-28,13314.29,1415335.2
2017-04-29,14244.21,2404406.83
2017-04-30,14634.57,2578791.66
2017-05-01,15243.09,2475041.91
2017-05-02,13497.12,2217378.42
2017-05-03,13554.37,1641824.45
2017-05-04,14248.03,1724363.78
2017-05-05,14208.11,1300899.74
2017-05-06,13435.2,2685531.59
2017-05-07,15369.11,988238.55
2017-05-08,13948.71,913956.92
2017-05-09,14300.87,1053336.01
2017-05-10,13292.21,1412007.27
2017-05-11,14304.87,1834467.57
2017-05-12,13412.86,1875063.74
2017-05-13,12937.72,1578325.56
2017-05-14,14530.09,1312798.81
2017-05-15,13368.97,2517402.72
2017-05-16,14193.35,1616989.46
2017-05-17,13670.95,2546695.58
2017-05-18,13092.69,1987129.24
2017-05-19,13495.33,958275.81
2017-05-20,13412.28,3532550.63
2017-05-21,12660.85,2071437.12
2017-05-22,12456.11,4044728.63
2017-05-23,13783.7,1537636.56
2017-05-24,14100.62,2549416.02
2017-05-25,13383.09,1599211.13
2017-05-26,13412.02,2127029.62
2017-05-27,12937.0,1853766.52
2017-05-28,13617.95,1810320.68
2017-05-29,12867.72,1277161.98
2017-05-30,13358.65,2314817.63
2017-05-31,13451.86,2425584.58
2017-06-01,13462.39,2142137.35
2017-06-02,13690.17,1703860.97
2017-06-03,13419.59,3126982.2
2017-06-04,12898.66,2085747.51
2017-06-05,12874.79,2332880.02
2017-06-06,12940.71,1379979.35
2017-06-07,12663.56,2401372.61
2017-06-08,12946.03,1405162.28
2017-06-09,12509.37,918839.4
2017-06-10,12771.77,3118096.07
2017-06-11,12289.45,1527656.31
2017-06-12,12592.23,1848030.82
2017-06-13,13028.53,1133374.78
2017-06-14,11608.85,1680523.72
2017-06-15,11931.2,2792008.96
2017-06-16,11551.83,2034584.76
2017-06-17,12255.36,1263721.91
2017-06-18,11283.26,1955757.01
2017-06-19,12078.46,2753173.56
2017-06-20,11501.17,1405584.46
2017-06-21,11990.31,1360004.99
2017-06-22,12786.65,1618957.6
2017-06-23,11318.99,1898452.32
2017-06-24,10469.56,1526218.69
2017-06-25,11336.73,1681723.05
2017-06-26,10508.01,2450976.31
2017-06-27,11180.05,5191845.15
2017-06-28,11457.49,1965854.46
2017-06-29,12184.55,1032477.69
2017-06-30,10810.25,2231381.89
2017-07-01,11310.19,771470.79
2017-07-02,11467.16,2406136.95
2017-07-03,11429.12,1548206.27
2017-07-04,10379.28,1829045.32
2017-07-05,10398.97,1845843.95
2017-07-06,11492.56,3048440.81
2017-07-07,10305.45,1601374.98
2017-07-08,10010.3,2160551.99
2017-07-09,10558.56,1082557.39
2017-07-10,10421.1,1983973.33
2017-07-11,10224.62,1262763.77
2017-07-12,10022.91,4501574.14
2017-07-13,11046.02,2531984.86
2017-07-14,9321.09,2745382.85
2017-07-15,10215.05,1641430.75
2017-07-16,10283.93,2171637.15
2017-07-17,9735.77,1144580.51
2017-07-18,10661.25,1811473.78
2017-07-19,9524.05,2522430.81
2017-07-20,9559.03,807210.15
2017-07-21,9182.27,1996661.17
2017-07-22,10429.04,1332225.41
2017-07-23,9368.99,1364905.83
2017-07-24,9922.09,1077794.17
2017-07-25,8921.16,1992961.87
2017-07-26,9009.54,1041961.51
2017-07-27,9441.21,1795114.92
2017-07-28,8811.71,1250853.3
2017-07-29,9417.24,2794571.85
2017-07-30,9395.84,974517.1
2017-07-31,9349.71,1402143.75
2017-08-01,9716.15,1214207.46
2017-08-02,9215.32,3987065.78
2017-08-03,9074.87,1544310.04
2017-08-04,9206.46,1038763.88
2017-08-05,9175.1,1633624.17
2017-08-06,8807.24,1209734.57
2017-08-07,8892.72,1947208.88
2017-08-08,8932.48,2079624.13
2017-08-09,9033.32,1847249.13
2017-08-10,8927.8,2855146.5
2017-08-11,8276.01,1670530.26
2017-08-12,9659.4,1869826.06
2017-08-13,8864.68,1815370.42
2017-08-14,9123.89,1133386.95
2017-08-15,8752.12,1973335.14
2017-08-16,9757.22,1553167.04
2017-08-17,9539.47,1809441.76
2017-08-18,8675.12,3020576.77
2017-08-19,9129.66,1320039.51
2017-08-20,9075.75,1813693.83
2017-08-21,8255.38,1351237.66
2017-08-22,9131.28,1843900.49
2017-08-23,8611.15,1372640.77
2017-08-24,9355.93,1015611.89
2017-08-25,9159.85,1087342.7
2017-08-26,9393.06,3980087.98
2017-08-27,9398.4,1866058.41
2017-08-28,9497.12,1122870.24
2017-08-29,7764.3,1518180.24
2017-08-30,9853.61,2309489.04
2017-08-31,8867.39,2556708.3
2017-09-01,8355.9,2547200.39
2017-09-02,9411.99,2981707.43
2017-09-03,9375.21,1149958.5
2017-09-04,9114.4,1704405.19
2017-09-05,9336.72,1344444.8
2017-09-06,9569.95,1495464.12
2017-09-07,9512.38,2909443.87
2017-09-08,9273.65,2513329.07
2017-09-09,9043.89,2797695.93
2017-09-10,9843.62,1728552.46
2017-09-11,9349.91,1683835.56
2017-09-12,9373.72,988340.53
2017-09-13,9142.3,1506350.13
2017-09-14,9356.3,1374074.58
2017-09-15,9531.25,1804419.61
2017-09-16,9220.31,856150.04
2017-09-17,9771.81,1348813.84
2017-09-18,9057.65,3376070.93
2017-09-19,9644.57,1152755.98
2017-09-20,8854.98,2127886.21
2017-09-21,9541.34,1528953.01
2017-09-22,9553.74,2042756.16
2017-09-23,9689.22,2593826.83
2017-09-24,10015.65,1166890.2
2017-09-25,9777.13,1689145.95
2017-09-26,9584.37,1127953.6
2017-09-27,10009.51,1282351.85
2017-09-28,9814.77,1892967.74
2017-09-29,9337.64,2063824.35
2017-09-30,9823.36,1020824.32
2017-10-01,9541.58,2243604.78
2017-10-02,9304.55,2778887.51
2017-10-03,10984.0,1815503.57
2017-10-04,10345.17,2059730.01
2017-10-05,10139.94,761991.26
2017-10-06,10476.71,1367447.74
2017-10-07,9979.83,2604666.36
2017-10-08,9955.12,2296847.69
2017-10-09,9700.56,2308318.24
2017-10-10,10374.42,1499897.49
2017-10-11,10318.18,1493442.29
2017-10-12,9989.39,2042556.95
2017-10-13,9779.8,2127714.43
2017-10-14,11004.52,1318523.42
2017-10-15,10736.68,1531367.22
2017-10-16,10732.37,1637229.66
2017-10-17,10521.56,1979535.11
2017-10-18,9768.59,2815232.18
2017-10-19,9315.63,3065349.67
2017-10-20,10604.51,873017.51
2017-10-21,10709.5,1352603.1
2017-10-22,9753.21,1585213.0
2017-10-23,11261.22,1307979.25
2017-10-24,9848.04,1402227.54
2017-10-25,10258.42,2083794.04
2017-10-26,10556.91,1173938.64
2017-10-27,10841.37,2080302.59
2017-10-28,11468.64,1638461.45
2017-10-29,10505.86,1890350.01
2017-10-30,9792.98,2363455.53
2017-10-31,10627.19,1700096.46
2017-11-01,10370.04,1272982.26
2017-11-02,10871.07,1577087.98
2017-11-03,10146.26,3400102.97
2017-11-04,9232.25,1948086.64
2017-11-05,10323.21,2166647.34
2017-11-06,10403.61,3348054.47
2017-11-07,10896.77,1027910.63
2017-11-08,10349.48,2413752.59
2017-11-09,10460.37,1453288.83
2017-11-10,10579.11,2355118.63
2017-11-11,10656.67,1665294.76
2017-11-12,9581.43,2806425.97
2017-11-13,10388.78,2580489.11
2017-11-14,10405.36,1480329.29
2017-11-15,9300.53,2099397.5
2017-11-16,10372.75,1367347.15
2017-11-17,10503.06,1982802.57
2017-11-18,9286.48,908134.79
2017-11-19,9517.55,2965327.08
2017-11-20,10002.78,2511734.69
2017-11-21,9974.22,1803595.75
2017-11-22,9748.62,1455055.57
2017-11-23,9515.4,1706210.87
2017-11-24,9285.12,2748245.36
2017-11-25,9371.16,2149834.06
2017-11-26,10865.49,1264664.37
2017-11-27,9369.73,2925107.66
2017-11-28,9999.59,2902701.95
2017-11-29,9882.52,4195622.55
2017-11-30,9506.87,1671059.99
2017-12-01,8836.54,1950068.21
2017-12-02,10032.31,4661482.6
2017-12-03,9885.69,3541580.17
2017-12-04,9523.53,4335575.15
2017-12-05,9510.45,1918402.04
2017-12-06,9068.71,1494049.49
2017-12-07,9194.67,2687741.55
2017-12-08,8724.36,1336451.03
2017-12-09,8292.73,1653295.51
2017-12-10,8381.4,1431975.49
2017-12-11,9190.1,2368407.33
2017-12-12,8255.82,1703241.9
2017-12-13,8023.97,1521565.44
2017-12-14,8567.99,2906176.21
2017-12-15,8720.86,3161320.6
2017-12-16,8747.77,1867603.01
2017-12-17,8089.96,1721743.68
2017-12-18,8620.63,1179616.15
2017-12-19,7880.75,1983287.15
2017-12-20,8154.86,3174598.84
2017-12-21,8296.9,1470136.78
2017-12-22,7687.52,3406718.09
2017-12-23,8054.5,2653064.93
2017-12-24,8397.63,2662695.18
2017-12-25,8059.78,1989716.85
2017-12-26,8083.84,1648904.41
2017-12-27,7442.79,2469159.45
2017-12-28,7456.21,1142745.24
2017-12-29,7338.42,2474466.2
2017-12-30,7711.26,4338913.39
2017-12-31,7451.51,2451331.57
2018-01-01,8023.96,1580397.57
2018-01-02,7312.97,3709531.32
2018-01-03,6923.15,2534290.57
2018-01-04,7063.41,2489786.27
2018-01-05,7403.73,2125267.05
2018-01-06,6748.19,2572174.88
2018-01-07,6553.99,1921788.6
2018-01-08,7138.35,1746018.68
2018-01-09,6825.35,2210254.43
2018-01-10,6834.81,2170984.47
2018-01-11,6529.58,2694789.4
2018-01-12,6214.69,3704793.08
2018-01-13,7118.01,1158635.97
2018-01-14,6812.74,1943582.64
2018-01-15,6931.91,2597907.69
2018-01-16,6769.34,2634134.45
2018-01-17,6274.87,3964414.4
2018-01-18,6515.55,2226001.45
2018-01-19,6051.27,3035598.92
2018-01-20,6505.42,3315968.22
2018-01-21,6046.17,5268405.61
2018-01-22,5407.72,4240919.9
2018-01-23,5951.36,4273498.33
2018-01-24,5899.02,2784598.21
2018-01-25,6006.33,2972430.66
2018-01-26,6333.76,2151764.45
2018-01-27,5894.75,2487857.14
2018-01-28,5502.11,2949000.57
2018-01-29,6022.05,3285100.1
2018-01-30,6231.46,2057783.17
2018-01-31,5894.12,1649492.61
2018-02-01,5402.73,1967725.13
2018-02-02,6115.13,1799940.79
2018-02-03,5854.5,3861590.86
2018-02-04,5816.71,2085678.39
2018-02-05,5693.69,3481053.46
2018-02-06,5826.93,2436595.4
2018-02-07,5154.12,1903587.48
2018-02-08,5612.13,3070335.54
2018-02-09,5515.38,2863403.15
2018-02-10,5878.58,2263314.32
2018-02-11,5199.51,2375078.07
2018-02-12,5487.98,3130170.82
2018-02-13,5826.97,3153034.62
2018-02-14,5525.4,1920591.51
2018-02-15,5391.87,1726145.09
2018-02-16,5418.55,2611293.37
2018-02-17,5547.95,3265017.79
2018-02-18,5753.83,3597296.03
2018-02-19,5130.68,3062430.73
2018-02-20,5677.21,2594597.54
2018-02-21,5180.26,2773029.45
2018-02-22,5354.03,3078254.11
2018-02-23,5396.97,2967858.9
2018-02-24,5184.24,2461017.43
2018-02-25,5235.1,2854514.21
2018-02-26,5074.49,1770388.0
2018-02-27,5528.23,2947197.66
2018-02-28,5127.55,1605662.58
2018-03-01,5012.93,3625727.99
2018-03-02,5382.17,2561194.23
2018-03-03,5712.94,5324887.78
2018-03-04,5336.91,5157842.65
2018-03-05,5370.47,2732997.45
2018-03-06,5466.06,3423375.76
2018-03-07,5209.93,3092229.68
2018-03-08,5326.85,3086432.5
2018-03-09,5525.3,3110888.72
2018-03-10,5336.03,2552465.44
2018-03-11,5084.26,2844724.77
2018-03-12,5834.7,2827552.41
2018-03-13,5599.61,4490799.57
2018-03-14,5742.63,2460458.46
2018-03-15,5946.39,4219546.13
2018-03-16,5969.57,5062812.03
2018-03-17,5719.46,3081538.57
2018-03-18,5593.62,2734438.57
2018-03-19,5646.89,4391295.93
2018-03-20,6051.69,3915085.15
2018-03-21,5279.2,3618254.61
2018-03-22,5320.79,6314042.79
2018-03-23,5383.03,3999159.99
2018-03-24,5805.44,3643053.46
2018-03-25,5633.13,5991879.67
2018-03-26,5713.09,2338517.01
2018-03-27,5841.88,2616614.91
2018-03-28,5784.03,2259243.52
2018-03-29,5745.92,4072299.45
2018-03-30,5684.68,7649952.45
2018-03-31,5632.72,3984627.13
2018-04-01,5670.06,3043826.98
2018-04-02,5754.28,2642044.59
2018-04-03,6428.17,2373973.47
2018-04-04,6050.7,4213186.35
2018-04-05,6235.52,2367076.39
2018-04-06,5959.89,2893439.13
2018-04-07,5925.62,3253028.94
2018-04-08,6185.55,3013425.39
2018-04-09,6158.67,3080845.07
2018-04-10,6376.52,3391442.11
2018-04-11,5638.9,2251367.72
2018-04-12,6147.34,4570544.52
2018-04-13,5717.37,7044787.14
2018-04-14,6356.86,2182298.65
2018-04-15,6358.62,11033866.77
2018-04-16,5849.02,2522608.77
2018-04-17,6462.67,4572936.13
2018-04-18,6453.33,4146189.43
2018-04-19,6657.77,4909124.9
2018-04-20,6158.62,2990441.72
2018-04-21,6262.97,3151601.27
2018-04-22,6226.74,3664069.02
2018-04-23,6525.82,4383518.01
2018-04-24,6477.83,3716523.1
2018-04-25,6815.25,3812810.75
2018-04-26,6668.77,4243865.38
2018-04-27,7354.37,4328826.07
2018-04-28,6659.83,2910970.33
2018-04-29,6529.67,7907793.14
2018-04-30,6496.12,4313134.58
2018-05-01,6945.16,4232676.68
2018-05-02,6869.85,3390446.93
2018-05-03,7298.31,3251417.23
2018-05-04,7337.66,3217244.99
2018-05-05,6706.45,4481579.32
2018-05-06,6804.15,4117944.83
2018-05-07,7058.59,3195164.84
2018-05-08,7009.26,2474297.75
2018-05-09,6968.8,2893639.29
2018-05-10,7016.84,3522636.38
2018-05-11,6979.4,4021202.93
2018-05-12,6811.76,5380871.43
2018-05-13,8316.25,3857133.51
2018-05-14,7291.38,3022409.34
2018-05-15,7296.9,6059607.69
2018-05-16,7734.87,3109773.41
2018-05-17,7540.25,5311396.19
2018-05-18,7153.58,4095020.05
2018-05-19,7039.62,2446791.67
2018-05-20,7581.94,3350901.73
2018-05-21,7177.71,3803465.78
2018-05-22,7484.33,2530343.8
2018-05-23,7546.39,2562147.67
2018-05-24,7272.79,5154335.47
2018-05-25,7058.68,5949166.33
2018-05-26,7406.93,2554211.3
2018-05-27,7527.56,7799822.41
2018-05-28,7785.5,2786093.92
2018-05-29,7293.2,5855813.07
2018-05-30,7160.89,4342408.27
2018-05-31,7105.3,3112720.92
2018-06-01,7273.5,2538614.5
2018-06-02,7265.25,2666494.42
2018-06-03,7369.73,7605485.24
2018-06-04,6915.9,3686132.74
2018-06-05,7297.2,5312083.38
2018-06-06,6668.19,4588807.27
2018-06-07,7495.07,5166918.84
2018-06-08,6590.32,6215060.99
2018-06-09,7219.69,2948427.97
2018-06-10,7284.4,3727066.76
2018-06-11,6724.85,7895940.78
2018-06-12,7330.41,6753119.21
2018-06-13,6902.41,3408808.61
2018-06-14,7050.28,3482889.64
2018-06-15,7011.61,5385557.43
2018-06-16,7211.7,4994672.4
2018-06-17,6933.46,3715955.46
2018-06-18,7618.47,6040639.16
2018-06-19,7438.96,3220035.05
2018-06-20,6797.33,5989637.5
2018-06-21,6850.55,6116939.81
2018-06-22,7104.15,7954849.08
2018-06-23,6675.05,5389405.59
2018-06-24,6576.97,5634788.78
2018-06-25,7409.86,3173619.34
2018-06-26,6598.82,5883738.62
2018-06-27,7552.44,5741569.23
2018-06-28,7184.38,3126654.34
2018-06-29,6904.88,6462372.11
2018-06-30,7413.91,5272683.73
2018-07-01,7064.56,4481394.8
2018-07-02,6444.77,3836579.06
2018-07-03,6153.37,5896471.06
2018-07-04,7249.25,3534811.45
2018-07-05,6622.19,4590954.99
2018-07-06,7082.53,6969967.21
2018-07-07,5938.83,5645193.79
2018-07-08,6431.44,5248598.66
2018-07-09,7057.84,7337261.54
2018-07-10,6506.97,3304071.38
2018-07-11,6788.14,4551025.96
2018-07-12,6691.94,3844818.52
2018-07-13,6315.56,6896380.85
2018-07-14,6678.21,5455960.82
2018-07-15,6462.21,3381659.53
2018-07-16,6805.93,6079229.27
2018-07-17,6742.97,6029946.87
2018-07-18,6619.31,3889471.74
2018-07-19,6241.46,5671395.03
2018-07-20,6503.65,4883346.52
2018-07-21,6577.97,3677551.69
2018-07-22,5848.45,7535005.56
2018-07-23,5886.69,8881291.64
2018-07-24,6351.49,4031240.75
2018-07-25,6088.45,10214913.51
2018-07-26,6888.77,6771376.28
2018-07-27,6525.21,5574500.58
2018-07-28,6007.36,3756141.75
2018-07-29,5977.53,4844898.39
2018-07-30,6372.43,8501449.43
2018-07-31,6371.06,3346537.45
2018-08-01,6384.15,8229823.23
2018-08-02,6043.09,5354963.13
2018-08-03,5847.51,2211049.31
2018-08-04,6572.94,5691911.63
2018-08-05,5559.83,9479416.0
2018-08-06,6260.99,4262531.58
2018-08-07,5885.85,6454817.29
2018-08-08,6403.97,4252416.01
2018-08-09,6250.93,4975759.53
2018-08-10,5963.69,4177950.98
2018-08-11,6264.93,6289268.7
2018-08-12,5867.18,2680619.7
2018-08-13,5934.57,6019692.81
2018-08-14,6067.29,4222277.74
2018-08-15,6138.58,3196960.96
2018-08-16,5822.89,5922329.61
2018-08-17,6156.11,9525035.94
2018-08-18,6192.53,3236654.5
2018-08-19,6109.57,3078782.18
2018-08-20,6216.54,4592558.34
2018-08-21,5599.77,7040457.37
2018-08-22,6474.28,2539671.51
2018-08-23,6603.57,4930766.43
2018-08-24,5954.53,4755499.04
2018-08-25,6099.29,3565511.42
2018-08-26,5983.13,5855609.02
2018-08-27,6179.5,3776626.84
2018-08-28,6055.14,7186528.43
2018-08-29,5673.72,5545289.05
2018-08-30,6113.25,6449063.09
2018-08-31,6733.68,4789902.42
2018-09-01,6352.16,2954445.92
2018-09-02,6413.58,4984535.05
2018-09-03,6235.62,5905168.45
2018-09-04,6555.4,4600379.71
2018-09-05,6309.46,3811842.76
2018-09-06,6131.21,3510694.79
2018-09-07,6948.42,5880556.44
2018-09-08,6469.46,4141630.84
2018-09-09,5982.54,3603956.57
2018-09-10,7041.95,4397962.15
2018-09-11,6781.92,5713953.99
2018-09-12,6467.65,4168556.77
2018-09-13,6449.48,6313649.44
2018-09-14,6560.33,3098702.32
2018-09-15,6966.16,5993089.71
2018-09-16,6835.06,2560347.99
2018-09-17,7024.16,6365442.11
2018-09-18,6744.69,7141978.77
2018-09-19,6996.14,6431741.9
2018-09-20,7385.22,11013194.18
2018-09-21,7394.5,5575326.03
2018-09-22,7124.15,4547621.9
2018-09-23,6690.07,4690617.19
2018-09-24,7555.53,2624167.77
2018-09-25,7545.45,4480462.47
2018-09-26,7174.67,6335354.44
2018-09-27,7361.86,5578155.89
2018-09-28,7712.66,3481467.16
2018-09-29,7182.56,4340335.82
2018-09-30,7538.99,5163345.71
2018-10-01,7350.19,5924578.57
2018-10-02,7704.6,4703420.62
2018-10-03,8051.19,6039792.68
2018-10-04,7345.07,5274303.84
2018-10-05,7788.47,6451646.74
2018-10-06,7689.14,3160481.85
2018-10-07,8187.05,7923275.9
2018-10-08,8133.25,6419091.91
2018-10-09,8295.01,8998197.9
2018-10-10,8070.57,3441858.94
2018-10-11,8989.47,5568648.51
2018-10-12,9069.01,5600481.2
2018-10-13,8857.21,7545456.21
2018-10-14,8673.78,8798331.12
2018-10-15,8447.8,4110791.95
2018-10-16,8815.27,5160794.64
2018-10-17,8721.95,4683477.71
2018-10-18,9469.24,5965056.91
2018-10-19,9324.48,3789765.93
2018-10-20,9479.61,8106009.29
2018-10-21,9504.7,2258298.36
2018-10-22,9406.92,5885365.47
2018-10-23,9396.34,3464887.78
2018-10-24,9754.57,8704151.07
2018-10-25,10425.68,6534146.82
2018-10-26,10545.38,7544425.82
2018-10-27,9671.55,2248141.13
2018-10-28,10294.48,2869710.05
2018-10-29,10070.87,2829425.83
2018-10-30,10082.32,5126546.02
2018-10-31,11417.94,3879060.51
2018-11-01,10849.84,2055089.19
2018-11-02,11320.72,3677420.71
2018-11-03,10515.96,3851259.99
2018-11-04,10691.04,4730928.35
2018-11-05,10778.24,3159892.73
2018-11-06,12084.12,7192997.22
2018-11-07,11174.69,4642359.52
2018-11-08,10807.7,3986539.16
2018-11-09,11037.97,7181772.85
2018-11-10,11025.61,3838721.07
2018-11-11,11911.6,4041326.41
2018-11-12,13239.83,2681863.82
2018-11-13,12310.29,3303529.2
2018-11-14,11472.27,6055623.18
2018-11-15,13026.23,3580007.64
2018-11-16,11915.34,5079514.22
2018-11-17,11025.35,3465116.58
2018-11-18,12901.8,3374510.73
2018-11-19,11645.0,4533082.87
2018-11-20,12626.42,5063706.07
2018-11-21,12927.27,11133605.3
2018-11-22,12439.38,6286687.51
2018-11-23,14106.8,4127429.36
2018-11-24,12849.17,2391793.33
2018-11-25,13855.55,4086147.82
2018-11-26,13432.98,2859576.51
2018-11-27,13258.3,3534357.05
2018-11-28,13693.56,4287274.09
2018-11-29,13752.38,3172184.18
2018-11-30,13960.22,2523486.75
2018-12-01,14928.96,4584769.22
2018-12-02,15381.71,3457001.53
2018-12-03,14358.34,3472198.16
2018-12-04,14172.84,3271262.77
2018-12-05,14915.33,4139251.8
2018-12-06,13751.0,3091285.88
2018-12-07,15045.9,4763848.27
2018-12-08,14680.42,3799571.29
2018-12-09,15302.74,2849489.86
2018-12-10,15490.78,4826336.64
2018-12-11,15329.38,6622238.88
2018-12-12,14723.82,6743612.8
2018-12-13,15592.18,4506641.49
2018-12-14,15581.24,4345224.93
2018-12-15,15770.44,5338999.83
2018-12-16,16970.08,3832111.92
2018-12-17,15216.26,3988184.25
2018-12-18,15516.76,4084933.01
2018-12-19,15581.51,4032606.65
2018-12-20,15769.65,4131172.17
2018-12-21,15584.08,4368545.51
2018-12-22,15570.6,6015465.59
2018-12-23,16724.38,3651030.26
2018-12-24,16867.65,4896692.65
2018-12-25,16302.21,2770404.61
2018-12-26,16187.55,3804272.45
2018-12-27,16767.07,3028908.52
2018-12-28,17140.38,3374143.03
2018-12-29,15825.04,3673308.23
2018-12-30,16330.95,3274183.63
2018-12-31,17068.68,3405035.46
2019-01-01,16694.21,4254941.9
2019-01-02,15877.55,2889090.47
2019-01-03,16672.12,2640765.53
2019-01-04,16503.83,2201639.39
2019-01-05,16359.35,7262299.61
2019-01-06,16252.83,3021705.21
2019-01-07,15866.49,3825937.25
2019-01-08,16237.29,4001970.77
2019-01-09,17254.02,2939943.69
2019-01-10,17119.84,4228629.5
2019-01-11,17348.25,3538678.21
2019-01-12,17376.13,3995138.49
2019-01-13,17381.04,6249123.79
2019-01-14,16351.85,4844377.08
2019-01-15,18615.86,1931634.47
2019-01-16,17667.37,3381803.79
2019-01-17,17690.53,2389518.76
2019-01-18,16894.2,1669609.72
2019-01-19,16550.45,3849489.07
2019-01-20,17497.05,3376865.82
2019-01-21,17273.59,3981127.7
2019-01-22,17488.22,4509558.55
2019-01-23,16612.25,2455988.55
2019-01-24,16891.83,3497637.59
2019-01-25,17640.06,6513729.05
2019-01-26,17227.58,4978854.63
2019-01-27,17368.78,6442229.83
2019-01-28,15912.64,5310771.61
2019-01-29,16486.71,3578985.25
2019-01-30,17328.4,4974766.92
2019-01-31,17270.8,2892162.02
2019-02-01,18379.89,2449889.19
2019-02-02,17631.91,3509805.37
2019-02-03,16805.64,2392788.07
2019-02-04,16392.28,4236655.41
2019-02-05,18821.75,4342220.8
2019-02-06,17076.08,7671535.47
2019-02-07,16669.96,4633264.42
2019-02-08,17894.02,3409917.18
2019-02-09,18149.31,1942950.23
2019-02-10,17464.13,5066844.86
2019-02-11,18680.55,2428146.48
2019-02-12,17486.77,3857519.19
2019-02-13,17951.49,4653958.87
2019-02-14,18182.79,1532579.18
2019-02-15,18243.26,2871903.71
2019-02-16,17210.01,3906558.83
2019-02-17,17146.89,3284548.25
2019-02-18,16889.79,3307096.44
2019-02-19,17355.79,1725377.73
2019-02-20,18489.28,5063783.9
2019-02-21,19253.7,3253614.01
2019-02-22,16559.52,3024741.44
2019-02-23,17579.07,5190964.74
2019-02-24,17628.28,3156468.66
2019-02-25,18969.95,1413446.73
2019-02-26,17526.87,2619713.34
2019-02-27,17896.28,4770894.03
2019-02-28,19080.79,2247097.71
2019-03-01,18035.84,1965816.4
2019-03-02,18943.58,3603301.95
2019-03-03,19521.11,3697820.68
2019-03-04,19470.92,4406142.58
2019-03-05,18576.04,2163068.93
2019-03-06,20362.89,2457573.83
2019-03-07,19216.91,3380762.54
2019-03-08,20459.84,3009966.07
2019-03-09,20188.7,3839067.8
2019-03-10,19100.72,3166522.52
2019-03-11,21112.82,1867995.73
2019-03-12,20983.32,3240467.79
2019-03-13,19958.09,5306662.99
2019-03-14,19201.97,3653270.86
2019-03-15,21786.28,1575964.23
2019-03-16,19155.5,3089007.81
2019-03-17,20001.93,1499808.14
2019-03-18,19802.73,2449328.07
2019-03-19,19192.13,3112907.77
2019-03-20,21239.3,3424526.69
2019-03-21,20516.73,2976107.59
2019-03-22,20496.45,1759828.55
2019-03-23,22043.95,2615517.99
2019-03-24,20300.33,2984164.17
2019-03-25,21111.59,1701592.15
2019-03-26,21782.91,3207639.88
2019-03-27,21586.1,3021380.83
2019-03-28,23085.82,2094827.63
2019-03-29,23853.22,2027072.09
2019-03-30,22305.12,2960251.87
2019-03-31,23111.62,1966391.74
2019-04-01,24985.93,2194324.52
2019-04-02,20586.44,2737157.82
2019-04-03,23252.44,3338123.1
2019-04-04,25186.88,1771174.34
2019-04-05,23693.05,7401712.71
2019-04-06,24359.12,1686333.59
2019-04-07,26180.05,3323112.0
2019-04-08,22061.69,3608764.37
2019-04-09,23930.12,2039667.04
2019-04-10,26395.44,2369727.5
2019-04-11,23089.91,1756578.45
2019-04-12,27745.4,5373351.46
2019-04-13,28263.54,1577343.23
2019-04-14,27724.82,4376146.25
2019-04-15,25666.36,3418516.77
2019-04-16,26724.11,2783562.41
2019-04-17,26064.71,2386142.62
2019-04-18,28441.95,3778661.12
2019-04-19,26879.08,1978814.39
2019-04-20,29515.67,3812278.19
2019-04-21,28057.15,2926376.53
2019-04-22,28706.87,2055086.27
2019-04-23,30778.66,3587580.36
2019-04-24,28840.74,1097830.43
2019-04-25,31332.64,1702813.57
2019-04-26,30301.65,2193014.31
2019-04-27,31591.15,2927516.25
2019-04-28,29398.57,4558944.19
2019-04-29,32165.94,3061543.64
2019-04-30,33498.63,1119593.66
2019-05-01,33585.86,3093997.4
2019-05-02,32617.59,2660177.6
2019-05-03,33163.44,3008864.1
2019-05-04,33512.04,3131830.1
2019-05-05,32739.43,1774184.34
2019-05-06,34830.17,2295074.99
2019-05-07,35638.03,2379594.49
2019-05-08,39093.39,1991154.62
2019-05-09,34870.12,3103189.64
2019-05-10,35570.55,2109880.77
2019-05-11,38314.36,3895261.75
2019-05-12,40051.35,2858126.08
2019-05-13,37819.77,2555351.98
2019-05-14,37452.04,4122919.0
2019-05-15,37741.96,2527292.64
2019-05-16,38867.1,1918173.01
2019-05-17,38408.11,2399051.47
2019-05-18,40139.63,2563267.8
2019-05-19,37465.59,4006922.61
2019-05-20,39598.18,3524688.08
2019-05-21,41203.67,1735729.44
2019-05-22,41887.9,3469998.44
2019-05-23,40256.88,2040780.16
2019-05-24,49462.34,2537710.68
2019-05-25,44061.87,3273089.83
2019-05-26,42022.89,2438353.0
2019-05-27,40324.36,2691497.26
2019-05-28,46053.62,2229605.03
2019-05-29,45920.27,1469709.65
2019-05-30,43045.2,2298852.02
2019-05-31,48943.98,2218918.61
2019-06-01,49591.17,2450798.55
2019-06-02,49149.61,2132784.88
2019-06-03,51788.17,1748679.72
2019-06-04,51486.98,1690173.91
2019-06-05,48402.2,2135143.53
2019-06-06,47382.28,2836426.05
2019-06-07,47488.86,4675408.06
2019-06-08,48452.57,1534728.61
2019-06-09,49895.47,1860638.45
2019-06-10,52671.89,3536005.02
2019-06-11,54308.18,1066142.36
2019-06-12,50640.09,1129664.54
2019-06-13,49250.11,3332168.42
2019-06-14,52475.5,3643547.85
2019-06-15,47523.26,1879190.12
2019-06-16,50204.52,1803985.91
2019-06-17,51690.31,3188589.55
2019-06-18,52117.8,1919305.44
2019-06-19,49972.04,3794879.83
2019-06-20,55336.73,2136722.02
2019-06-21,59076.55,1990543.17
2019-06-22,56223.09,2728476.78
2019-06-23,57078.95,2287234.97
2019-06-24,58542.56,4454150.2
2019-06-25,55332.97,2032248.13
2019-06-26,49948.23,2568783.12
2019-06-27,52665.76,2058436.97
2019-06-28,59267.13,2797522.96
2019-06-29,58739.09,3654994.32
2019-06-30,63913.16,3761628.92
2019-07-01,63785.29,2334293.06
2019-07-02,59433.51,1532474.77
2019-07-03,56151.31,1301383.14
2019-07-04,57913.44,1663819.85
2019-07-05,59592.09,2271045.37
2019-07-06,59185.76,2174183.85
2019-07-07,59378.13,2270037.57
2019-07-08,61781.31,3534896.0
2019-07-09,65110.01,1897421.06
2019-07-10,53848.89,1149436.83
2019-07-11,60905.66,2947261.29
2019-07-12,58047.79,2557523.24
2019-07-13,55707.26,2066817.7
2019-07-14,57848.54,1622767.89
2019-07-15,52789.29,1670250.1
2019-07-16,55929.37,4059339.65
2019-07-17,61599.96,2840080.62
2019-07-18,60994.28,1684447.4
2019-07-19,60732.28,1396357.96
2019-07-20,59218.12,1948853.84
2019-07-21,56368.85,1742054.35
2019-07-22,57774.69,1634440.92
2019-07-23,57732.48,3583547.79
2019-07-24,58602.71,2459430.2
2019-07-25,60610.79,1742177.98
2019-07-26,57270.44,2986626.33
2019-07-27,65668.57,2486504.07
2019-07-28,57380.79,2256440.36
2019-07-29,61263.09,1549357.97
2019-07-30,55105.62,2896856.58
2019-07-31,54676.41,1057636.56
2019-08-01,57992.35,2268797.48
2019-08-02,57405.06,1879767.16
2019-08-03,56847.06,1704109.58
2019-08-04,58664.82,1452627.0
2019-08-05,60048.99,2536363.56
2019-08-06,58133.35,2479126.7
2019-08-07,57524.39,1954231.96
2019-08-08,56245.38,2120803.4
2019-08-09,61660.65,4013889.81
2019-08-10,56669.98,1843192.9
2019-08-11,61890.58,1490269.72
2019-08-12,56396.69,1394716.81
2019-08-13,55286.44,2207946.08
2019-08-14,58563.8,2807729.28
2019-08-15,61377.08,2356970.4
2019-08-16,54413.59,2287246.52
2019-08-17,55457.3,1869350.86
2019-08-18,55159.29,2802803.86
2019-08-19,54680.76,3123877.91
2019-08-20,57073.11,2118946.68
2019-08-21,56152.61,2391480.14
2019-08-22,53451.32,2356121.01
2019-08-23,58617.58,1482752.3
2019-08-24,60042.81,1313609.53
2019-08-25,55061.68,2847087.34
2019-08-26,58817.21,3048484.65
2019-08-27,54441.73,1491276.45
2019-08-28,57098.72,2108861.34
2019-08-29,60241.5,2474707.83
2019-08-30,57492.05,3394878.33
2019-08-31,62530.13,1409869.38
2019-09-01,58131.88,2103209.74
2019-09-02,56508.74,1124343.92
2019-09-03,55210.79,2464148.59
2019-09-04,53798.48,1275664.37
2019-09-05,55961.05,2924167.38
2019-09-06,59339.63,972837.28
2019-09-07,57549.97,2957449.47
2019-09-08,54332.73,2726089.88
2019-09-09,58458.2,1270748.57
2019-09-10,59001.25,2151025.38
2019-09-11,57728.44,1793688.13
2019-09-12,56575.85,1503889.15
2019-09-13,57531.87,2709945.44
2019-09-14,57369.91,1410015.32
2019-09-15,56978.77,1724823.04
2019-09-16,57492.01,1980029.17
2019-09-17,59054.14,1290012.15
2019-09-18,56974.84,1539314.84
2019-09-19,57764.15,3268950.66
2019-09-20,56979.34,1900882.51
2019-09-21,57223.32,1809341.24
2019-09-22,57857.88,2912244.22
2019-09-23,56423.49,1251749.41
2019-09-24,62086.47,3049459.37
2019-09-25,62116.0,2179806.05
2019-09-26,58921.66,1622873.43
2019-09-27,55052.77,3004254.67
2019-09-28,59598.78,1391020.52
2019-09-29,58765.04,949091.44
2019-09-30,58155.01,1808894.19
2019-10-01,59987.18,1911681.86
2019-10-02,57519.66,3686948.79
2019-10-03,62263.24,1980226.55
2019-10-04,62066.89,3124460.5
2019-10-05,65210.75,2412721.45
2019-10-06,60871.27,2477370.52
2019-10-07,63861.05,1000439.81
2019-10-08,61451.8,1668086.45
2019-10-09,59130.07,2908618.96
2019-10-10,68259.67,1535108.8
2019-10-11,59298.2,1807598.09
2019-10-12,63234.98,1887734.04
2019-10-13,65387.13,1754708.03
2019-10-14,61072.18,2621851.42
2019-10-15,63295.51,2516783.74
2019-10-16,62279.82,2288528.36
2019-10-17,61179.77,2138344.41
2019-10-18,62665.12,1725338.56
2019-10-19,62866.75,2797328.62
2019-10-20,64433.57,965706.97
2019-10-21,64409.35,1535955.03
2019-10-22,67339.97,3136126.67
2019-10-23,70086.4,2728623.29
2019-10-24,60549.87,2425767.95
2019-10-25,73000.79,2721530.82
2019-10-26,63066.98,4426319.88
2019-10-27,66126.59,1631606.39
2019-10-28,63364.37,2288236.43
2019-10-29,72439.48,1728171.43
2019-10-30,71963.33,4780751.15
2019-10-31,71240.92,2635574.33
2019-11-01,68573.47,2875548.4
2019-11-02,67712.33,1820553.79
2019-11-03,66351.63,1716402.68
2019-11-04,68795.94,1309077.11
2019-11-05,66184.55,4170388.45
2019-11-06,73468.62,2362323.0
2019-11-07,72720.99,2647987.1
2019-11-08,73113.86,2161913.81
2019-11-09,70426.93,2074707.89
2019-11-10,72904.9,3203210.54
2019-11-11,72206.38,1302815.73
2019-11-12,73401.74,2929707.78
2019-11-13,75255.43,1015318.48
2019-11-14,78196.97,2706043.24
2019-11-15,77170.14,1836266.76
2019-11-16,74937.43,2208954.16
2019-11-17,77871.6,1036504.04
2019-11-18,75758.2,2807067.21
2019-11-19,76461.47,2293284.33
2019-11-20,78780.47,1282112.18
2019-11-21,79816.25,2804609.78
2019-11-22,79240.14,2588704.85
2019-11-23,84333.98,3619335.33
2019-11-24,78402.36,1800794.18
2019-11-25,79670.84,2924487.64
2019-11-26,76366.48,4453196.59
2019-11-27,81360.94,2456300.79
2019-11-28,83494.78,1913200.19
2019-11-29,89360.13,3338874.55
2019-11-30,83112.44,1644332.79
2019-12-01,84370.24,3202683.27
2019-12-02,85629.85,3409362.23
2019-12-03,84116.21,2358548.86
2019-12-04,90490.84,2964086.85
2019-12-05,83849.15,2932867.8
2019-12-06,84199.42,2123592.85
2019-12-07,87170.9,3325511.42
2019-12-08,86114.23,2011945.22
2019-12-09,100889.25,1266476.06
2019-12-10,90501.31,2098792.03
2019-12-11,92851.7,1541128.44
2019-12-12,85926.22,2024587.31
2019-12-13,90023.62,2164942.51
2019-12-14,90263.31,2544121.67
2019-12-15,93915.36,1557061.68
2019-12-16,95449.61,2488439.43
2019-12-17,101461.86,3407735.01
2019-12-18,89783.59,3292897.27
2019-12-19,91178.04,3358846.45
2019-12-20,93226.82,2420986.65
2019-12-21,84497.18,2476457.16
2019-12-22,94199.0,2373187.42
2019-12-23,95381.68,1121969.75
2019-12-24,95776.41,1871799.44
2019-12-25,93016.72,1703112.19
2019-12-26,94528.88,1514321.09
2019-12-27,91252.34,1732651.17
2019-12-28,91391.12,1763066.54
2019-12-29,97471.56,1990175.7
2019-12-30,99244.53,4134367.86
2019-12-31,92022.8,2693300.33
2020-01-01,96802.41,3211643.9
2020-01-02,91671.04,3228941.72
2020-01-03,85996.27,1725839.48
2020-01-04,94508.99,4537382.93
2020-01-05,92171.19,2274582.31
2020-01-06,91410.85,3215193.65
2020-01-07,95663.17,1795200.53
2020-01-08,95292.47,3714593.02
2020-01-09,90668.56,1928143.74
2020-01-10,89645.68,5449552.6
2020-01-11,90798.01,3244935.86
2020-01-12,98195.2,2684321.26
2020-01-13,92304.25,4299786.41
